step,isaac_vx,isaac_vy,isaac_wz,mujoco_vx,mujoco_vy,mujoco_wz,isaac_base_x,isaac_base_y,isaac_base_z,mujoco_base_x,mujoco_base_y,mujoco_base_z,obs_l2_diff,action_l2_diff,isaac_dx,isaac_dy,mujoco_dx,mujoco_dy,pos_err_norm
0,-0.00016897752357181162,0.06615366041660309,0.00023792232968844473,0.0,0.0,0.0,-0.00010264468437526375,0.0034749822225421667,0.2389518916606903,0.00033358872379675593,0.00018777293693408967,0.24714018166326357,12.101679158327507,1.9228937578562693,-0.00010285273015142593,0.002501593204215169,0.00033358872379675593,0.00018777293693408967,0.00235462212934583
1,0.0006020672153681517,0.1399848312139511,0.1696280837059021,0.02672022157007372,0.014834099535756318,-0.0728541595766141,-0.0005690971738658845,0.006862673442810774,0.22691187262535095,0.0005671521238452275,0.0006977565418735021,0.24063122758992989,21.997158239273084,2.9753521413403283,-0.0005693052196420467,0.005889284424483776,0.0005671521238452275,0.0006977565418735021,0.005314461125032911
2,0.005253654904663563,0.13258540630340576,0.07738129049539566,0.005927073055984555,0.027470241225020373,-0.07009857477546183,-0.0009355550864711404,0.009496426209807396,0.21076126396656036,0.0008811063769098922,0.0012088890829459584,0.2302537464074373,23.108322554587264,2.982709531359167,-0.0009357631322473026,0.008523037191480398,0.0008811063769098922,0.0012088890829459584,0.007536430014727333
3,0.016095248982310295,0.047193463891744614,-0.15447504818439484,0.000544456669538001,0.00927240472504021,-0.03234950495914131,-0.0008462046971544623,0.011071578599512577,0.1909770965576172,0.0011210061277322125,0.001396363379203787,0.21610949681209654,15.375273994668136,3.6335259321453224,-0.0008464127429306245,0.01009818958118558,0.0011210061277322125,0.001396363379203787,0.008921463795932654
4,0.02246231772005558,-0.01615813560783863,-0.19923289120197296,-0.010143518227736806,-0.03132782367700643,0.15223107670198635,0.003807593369856477,0.012180319987237453,0.18390752375125885,0.0014180676205620003,0.0010291326801849484,0.19830979182663297,13.254626418046907,3.8090924057418025,0.0038073853240803146,0.011206930968910456,0.0014180676205620003,0.0010291326801849484,0.01045449267512919
5,0.25469616055488586,0.03574046120047569,-0.09485192596912384,-0.01888584759930949,-0.0679327391011279,0.24904879552590078,0.01081880833953619,0.014144626446068287,0.18318696320056915,0.0015086872086169836,0.0007406745176591812,0.17675436202390224,11.204692530101681,2.6425355478570234,0.010818600293760028,0.01317123742774129,0.0015086872086169836,0.0007406745176591812,0.015530401666229585
6,0.3565886616706848,0.11991245299577713,0.23151034116744995,-0.053552069108045726,-0.03307929427895355,0.6181367489625285,0.018180735409259796,0.01654760353267193,0.18019133806228638,0.006093978486323183,-0.0024708435221485405,0.16766097611888245,16.458261193275717,2.427884465897716,0.018180527363483634,0.01557421451434493,0.006093978486323183,-0.0024708435221485405,0.02171885778074911
7,0.34822654724121094,0.11919897794723511,0.12612619996070862,0.2767576010186409,-0.22828719936913994,0.1611073134620985,0.026450850069522858,0.0184054896235466,0.17554640769958496,0.01260927635273637,-0.006805666636372454,0.17028348075540112,14.941531064383652,2.4943054785529304,0.026450642023746695,0.017432100605219603,0.01260927635273637,-0.006805666636372454,0.02791151670003291
8,0.47546881437301636,0.015465849079191685,-0.18130812048912048,0.3123921315544187,-0.21540713704367798,0.09745402552428677,0.036174945533275604,0.017812443897128105,0.17617107927799225,0.01952213094223921,-0.009501364621574174,0.17364040502727981,14.79221261386697,2.5755676941228707,0.03617473748749944,0.016839054878801107,0.01952213094223921,-0.009501364621574174,0.031162910714613842
9,0.5023360252380371,-0.10999168455600739,0.25509169697761536,0.33954015281269384,-0.12929165908335785,0.026531421027236247,0.044987358152866364,0.01603415608406067,0.178632915019989,0.02603021215314732,-0.012121292381782394,0.17491846878783868,12.064345996435435,1.9752562401026637,0.0449871501070902,0.015060767065733671,0.02603021215314732,-0.012121292381782394,0.033139551179790255
10,0.4219267666339874,-0.05459251627326012,-0.10114786028862,0.31309997220908886,-0.15091064415884606,-0.18825885867296244,0.05333714932203293,0.015086546540260315,0.17878422141075134,0.03232867221688905,-0.015208346197096517,0.17262092864725537,9.382118566032627,1.6637416013953457,0.053336941276256766,0.014113157521933317,0.03232867221688905,-0.015208346197096517,0.036070735357293
11,0.434523344039917,-0.046380236744880676,0.06705871969461441,0.31686490461638106,-0.1546347710604903,0.031005278941221195,0.062177352607250214,0.013645383529365063,0.17507967352867126,0.03896591370581445,-0.01804227383788332,0.16711404685849426,10.07274230636336,1.5694270010324296,0.06217714456147405,0.012671994511038065,0.03896591370581445,-0.01804227383788332,0.038498409292388666
12,0.4326872229576111,-0.09695351123809814,-0.03290490806102753,0.32809281279656366,-0.1525923538773998,-0.05172967412916077,0.07184866815805435,0.01320506352931261,0.17001156508922577,0.04734038990826344,-0.019693304833183756,0.16556771642017123,10.024624361256215,1.2928323577077467,0.07184846011227819,0.012231674510985613,0.04734038990826344,-0.019693304833183756,0.04024735781701149
13,0.526726245880127,0.014484314247965813,-0.06974004954099655,0.4187571644151029,-0.09269477263955515,-0.03293490266492566,0.0820576474070549,0.013362806290388107,0.16855424642562866,0.055684138495183104,-0.021487639102587622,0.16792161385986826,7.159924607141048,0.9931045784280008,0.08205743936127874,0.01238941727206111,0.055684138495183104,-0.021487639102587622,0.04293257442996785
14,0.4762123227119446,-0.03550291806459427,-0.10390108823776245,0.41648272159379135,-0.10064520563869124,0.15751775623669875,0.092106394469738,0.012996594421565533,0.17144657671451569,0.06517596500828403,-0.022022431425646343,0.17009604763087052,4.937701011773896,2.200248293067747,0.09210618642396184,0.012023205403238535,0.06517596500828403,-0.022022431425646343,0.043409010730282194
15,0.5004814267158508,-0.04131803289055824,-0.010541081428527832,0.4862471182816816,-0.03164639318584166,0.5066607994915417,0.10320983082056046,0.01322420034557581,0.1741752177476883,0.07486134971247607,-0.021401716871312464,0.17099752907096874,6.447588801795467,0.8912474530050978,0.1032096227747843,0.012250811327248812,0.07486134971247607,-0.021401716871312464,0.04400133224994616
16,0.541753888130188,0.004693532362580299,-0.14643315970897675,0.4842506859325039,0.025302590010943538,-0.13377189705111128,0.11384762078523636,0.01321481168270111,0.17362752556800842,0.0846943164787952,-0.02102324800326631,0.16843457145952287,4.957517991300235,0.979663622510113,0.1138474127394602,0.012241422664374113,0.0846943164787952,-0.02102324800326631,0.04423167797190354
17,0.5248684287071228,-0.0029494191985577345,0.06130179017782211,0.4969645497154849,0.0044827723743553925,-0.17487218475319558,0.12489820271730423,0.013712414540350437,0.1696077585220337,0.09502318836172233,-0.02138271876514424,0.16470312859052835,5.392905311808717,1.0373543341572324,0.12489799467152807,0.01273902552202344,0.09502318836172233,-0.02138271876514424,0.04535192923401681
18,0.5453793406486511,0.0379791334271431,-0.12169765681028366,0.5205573720613247,-0.03562957059172165,0.143254617203056,0.1362023949623108,0.012405915185809135,0.16954003274440765,0.10509245069010718,-0.02253089334355642,0.16590540626950814,5.40356737927612,1.6290913928044437,0.13620218691653463,0.011432526167482138,0.10509245069010718,-0.02253089334355642,0.04605789349243717
19,0.5716960430145264,-0.14455190300941467,0.05149790272116661,0.4914767775467791,-0.06670259779826693,0.1111677727446356,0.146707683801651,0.010739894583821297,0.1728672981262207,0.11459469599702703,-0.023606744610813458,0.16928658991985404,5.02717522504063,1.1634938573862346,0.14670747575587484,0.009766505565494299,0.11459469599702703,-0.023606744610813458,0.04631419276173008
20,0.49845826625823975,-0.0426243394613266,0.06089827045798302,0.4642064412036829,-0.06675817728892645,-0.030531809062166387,0.15529081225395203,0.011044986546039581,0.17692334949970245,0.12382011064219925,-0.023963833774698136,0.17281537191502086,4.058534630968583,0.7668240704834661,0.15529060420817586,0.010071597527712584,0.12382011064219925,-0.023963833774698136,0.046355178235309324
21,0.41724735498428345,0.04672547057271004,0.059227701276540756,0.44406139981179277,-0.0245716955664072,0.011832187354333694,0.16325506567955017,0.011789870448410511,0.17852458357810974,0.13233761934856383,-0.023692310606595372,0.17453085989719208,3.3369936647270926,0.4877383982315513,0.163254857633774,0.010816481430083513,0.13233761934856383,-0.023692310606595372,0.04633284311387785
22,0.41313889622688293,0.020171033218503,-0.01640550047159195,0.4224969677054485,0.0013793495587906637,0.005579853532546286,0.17163173854351044,0.012336308136582375,0.17615075409412384,0.1408908913053897,-0.023942369256171835,0.17241422651848165,5.186228047559202,0.4845185642922461,0.17163153049773427,0.011362919118255377,0.1408908913053897,-0.023942369256171835,0.046812928611179375
23,0.41445428133010864,0.0029164322186261415,0.03404925763607025,0.43140481532045555,-0.01837775289777696,0.11282521560334861,0.18151463568210602,0.014223534613847733,0.17322687804698944,0.1496218459629556,-0.023754378602788583,0.16603162686539147,3.459960336195397,0.35590456721195446,0.18151442763632986,0.013250145595520735,0.1496218459629556,-0.023754378602788583,0.048851525840408576
24,0.5240971446037292,0.11986643821001053,0.11032216995954514,0.4558868434963132,0.02746330320785963,-0.10647978151384448,0.19195348024368286,0.016730131581425667,0.17192742228507996,0.1587256100740319,-0.023616823317371177,0.1668265485340477,5.094829050225424,0.48065396689225465,0.1919532721979067,0.01575674256309867,0.1587256100740319,-0.023616823317371177,0.051520434978385835
25,0.5078164935112,0.0933837890625,0.1710887849330902,0.4611878852079013,-0.0034458160728308386,0.2099241162513565,0.20210164785385132,0.01848030649125576,0.17467555403709412,0.16819020171595248,-0.023122817814135544,0.17066696679910795,2.903667866150425,0.6026280348779338,0.20210143980807516,0.017506917472928762,0.16819020171595248,-0.023122817814135544,0.05292208856836199
26,0.5189343094825745,0.06694994121789932,0.08936267346143723,0.47302939512236475,0.007310998125272929,0.22491687284760525,0.2122088372707367,0.019683098420500755,0.17448574304580688,0.17774882464226266,-0.023467854396749838,0.17369621933132093,4.937523719272777,0.8654245011922368,0.21220862922496053,0.018709709402173758,0.17774882464226266,-0.023467854396749838,0.05446489713466827
27,0.49953344464302063,0.04738827049732208,-0.004059331025928259,0.47668450814301677,-0.03080921795814202,-0.0598475453205971,0.22248367965221405,0.020801741629838943,0.17068292200565338,0.1871347813720791,-0.023887770884157885,0.1732408093476651,4.893374160461803,0.9780881422745226,0.2224834716064379,0.019828352611511946,0.1871347813720791,-0.023887770884157885,0.05621947487102053
28,0.5034354329109192,0.05782056972384453,-0.15542498230934143,0.473582229031868,-0.04049497947309695,-0.24848908687139343,0.23269744217395782,0.021594341844320297,0.168889120221138,0.19661367902972127,-0.024704558651325193,0.16882986241634698,5.262431469964647,1.0201623017699395,0.23269723412818166,0.0206209528259933,0.19661367902972127,-0.024704558651325193,0.057934660948556156
29,0.5310077667236328,-0.05822199210524559,-0.10519275814294815,0.4736817334998321,-0.06335351215487904,0.19946214232044537,0.2430378794670105,0.020597301423549652,0.17076487839221954,0.20585893461278176,-0.02497176111454931,0.16715380813157302,5.422734734208263,0.618481563502316,0.24303767142123434,0.019623912405222654,0.20585893461278176,-0.02497176111454931,0.05806059392870759
30,0.5272117257118225,-0.0453147254884243,-0.02658316306769848,0.454386603632028,-0.031967876522776204,0.0765825963736485,0.2535112798213959,0.019450196996331215,0.1744309961795807,0.2140397437211857,-0.025179571094117302,0.16967444717200966,3.7345804499790667,0.8253561446961396,0.2535110717756197,0.018476807978004217,0.2140397437211857,-0.025179571094117302,0.05885461045720649
31,0.505571722984314,-0.026336967945098877,0.07329227030277252,0.4003958419054134,-0.023660316232547773,-0.006686791124288189,0.2627395689487457,0.019170762971043587,0.17691348493099213,0.2218332300013529,-0.024462380147205334,0.17334663280635335,5.100532244061436,0.9378435710028787,0.26273936090296957,0.01819737395271659,0.2218332300013529,-0.024462380147205334,0.059103013165201675
32,0.4464981257915497,0.011901657097041607,-0.051933761686086655,0.3889727238320538,0.03470448606566562,0.09653555979028103,0.27135443687438965,0.019138623028993607,0.17659492790699005,0.2289442682949063,-0.02343233761912813,0.17504333997368896,3.6264140836337533,0.6880626009171841,0.2713542288286135,0.01816523401066661,0.2289442682949063,-0.02343233761912813,0.05940507316691484
33,0.45123326778411865,-0.015903018414974213,-0.003520600264891982,0.34760390899252314,0.031116167176282013,-0.08971087007348583,0.2805090844631195,0.019330261275172234,0.17215226590633392,0.23593331049923755,-0.02298796390281604,0.17289091147229213,5.630768958226775,0.9964571858568385,0.28050887641734334,0.018356872256845236,0.23593331049923755,-0.02298796390281604,0.06079783346459502
34,0.4607836902141571,-0.003278157440945506,-0.11729390919208527,0.3477734762314451,0.00517423454052089,-0.03406333256984239,0.2900378704071045,0.019682541489601135,0.17123278975486755,0.24365838495909448,-0.021557866313914,0.1679798507424749,6.811678900082104,1.582016057303756,0.29003766236132833,0.018709152471274137,0.24365838495909448,-0.021557866313914,0.061420437756499704
35,0.4669991433620453,-0.005021295975893736,-0.2181280553340912,0.3953361408216054,0.06647961666444868,-0.1974229485028875,0.2997968792915344,0.019939718768000603,0.17409417033195496,0.2521097136258677,-0.019595440491152277,0.1663943084247666,5.852734580998707,1.2497906387289262,0.29979667124575826,0.018966329749673605,0.2521097136258677,-0.019595440491152277,0.06132744941009273
36,0.4921322762966156,-0.001962530892342329,-0.21687106788158417,0.41506258566552934,0.07701205881132792,-0.0736830732765025,0.3095813989639282,0.019700808450579643,0.1749725043773651,0.25986475666892705,-0.01851095014685796,0.16978864356110918,6.565049820108521,1.8637536663218104,0.30958119091815206,0.018727419432252645,0.25986475666892705,-0.01851095014685796,0.062116181493777796
37,0.48271188139915466,-0.024370910599827766,-0.006298879161477089,0.39221024230399054,0.04625870660931954,-0.03190756162345056,0.3195292353630066,0.019188281148672104,0.17180472612380981,0.2673297079489379,-0.017965556914470045,0.1747652824772673,7.6305976365288775,1.8828026375898337,0.31952902731723043,0.018214892130345106,0.2673297079489379,-0.017965556914470045,0.06351215502246374
38,0.48067763447761536,-0.012257826514542103,-0.042178940027952194,0.37097577722261443,0.005869448481982646,0.35573186008694957,0.32996973395347595,0.01874818466603756,0.16954374313354492,0.27478538774393557,-0.01784787650738285,0.17821614730915822,9.847088185079826,2.423757166599026,0.3299695259076998,0.017774795647710562,0.27478538774393557,-0.01784787650738285,0.06568305623482121
39,0.548468291759491,-0.11248302459716797,0.17263755202293396,0.37333235389947383,-0.003963695119903648,0.14395309851285676,0.34111151099205017,0.016596656292676926,0.1713317632675171,0.2822117911076452,-0.018030088371969316,0.17807816539291108,10.070844213883166,2.117123744181796,0.341111302946274,0.015623267274349928,0.2822117911076452,-0.018030088371969316,0.06783583743926525
40,0.549135684967041,-0.11034584045410156,0.032003652304410934,0.3643752472441355,-0.0299700763852168,0.31745305560215337,0.3508027195930481,0.015441756695508957,0.17393752932548523,0.2898917211448803,-0.017989423160783582,0.17437480902184166,8.230442386924276,2.61633729123163,0.35080251154727193,0.01446836767718196,0.2898917211448803,-0.017989423160783582,0.06901907398339391
41,0.4573889672756195,-0.015781138092279434,-0.10445045679807663,0.3642976663241281,-0.01693713370114225,0.6939341806164155,0.3598845303058624,0.014910819008946419,0.17440621554851532,0.2980934421601191,-0.017891485757503565,0.17140689939251852,11.46476238854322,2.6870352095990024,0.35988432226008626,0.013937429990619421,0.2980934421601191,-0.017891485757503565,0.06950678198010339
42,0.46764737367630005,-0.031644415110349655,0.04245978966355324,0.41564159292258657,-0.018492394045705136,0.19497492932645383,0.36926010251045227,0.013794394209980965,0.17098300158977509,0.30569125249480833,-0.01860786877821382,0.17257016653939963,10.487451240572444,2.9649865146730563,0.3692598944646761,0.012821005191653967,0.30569125249480833,-0.01860786877821382,0.0709136542628221
43,0.46410539746284485,-0.07071346789598465,-0.08231888711452484,0.3714974243916071,-0.05829316162514946,0.04160290201833778,0.3794343173503876,0.013898739591240883,0.16586890816688538,0.31315504261771343,-0.020330928748669146,0.17302067339454644,12.798464547445285,1.9373655777013623,0.3794341093046114,0.012925350572913885,0.31315504261771343,-0.020330928748669146,0.07415453320735976
44,0.5668027997016907,0.04799208790063858,-0.011589602567255497,0.35704608967080725,-0.11189080910460418,0.0049028575541920335,0.39066511392593384,0.015043462626636028,0.16589400172233582,0.32043961483461536,-0.022411970536185558,0.1707283516290917,11.232643476375715,2.4783316971546854,0.3906649058801577,0.01407007360830903,0.32043961483461536,-0.022411970536185558,0.07913615512136016
45,0.5436139702796936,0.033480364829301834,0.019716523587703705,0.3551436979592024,-0.14023916033791603,-0.19573868275515685,0.40170079469680786,0.014943496324121952,0.16872429847717285,0.32891041353990097,-0.022045339003645886,0.16814092557989635,15.047000922347635,2.187264285826125,0.4017005866510317,0.013970107305794954,0.32891041353990097,-0.022045339003645886,0.08121281718064331
46,0.5058505535125732,-0.06479395925998688,-0.09978153556585312,0.4339200275187494,0.012900890574613343,-0.011253746374331075,0.41248422861099243,0.014334228821098804,0.17086775600910187,0.337768357977391,-0.020735071231335642,0.16716307712943163,12.244479816106436,2.6706441042878732,0.41248402056521627,0.013360839802771807,0.337768357977391,-0.020735071231335642,0.0821277138679966
47,0.5225518941879272,-0.037761688232421875,-0.07382774353027344,0.4437169892148181,0.042049696483279206,0.01023342790847703,0.4229646921157837,0.013279853388667107,0.16946586966514587,0.34648189292166365,-0.019249848251186627,0.1693315131717855,8.95265757118146,2.6032508594259625,0.42296448407000753,0.012306464370340109,0.34648189292166365,-0.019249848251186627,0.08273685765746883
48,0.5129797458648682,-0.04327743873000145,0.049438074231147766,0.4370653583790681,0.04881349301890829,0.0856885157770509,0.4335811138153076,0.013234062120318413,0.16563734412193298,0.35617371857094327,-0.018026069690106256,0.17268059168207428,12.316688543936593,2.8033515482929685,0.43358090576953146,0.012260673101991415,0.35617371857094327,-0.018026069690106256,0.08312135356785257
49,0.5405983328819275,0.0017726190853863955,-0.11690041422843933,0.503627214869302,0.023515871805623687,-0.0323712699713144,0.4445091187953949,0.010632331483066082,0.16589955985546112,0.3657188447530992,-0.01682363658734405,0.17383492460739475,16.95234477724685,2.5601515388978706,0.44450891074961874,0.009658942464739084,0.3657188447530992,-0.01682363658734405,0.08312160665546438
50,0.5518046617507935,-0.16085167229175568,0.10275498777627945,0.48113668938375564,0.02707097867631094,-0.07245549807558743,0.45495447516441345,0.008441483601927757,0.168771430850029,0.3753959017300576,-0.01598021361358888,0.17095098598729624,11.881180425462023,1.7697812343921056,0.4549542671186373,0.0074680945836007595,0.3753959017300576,-0.01598021361358888,0.0829418872501292
51,0.4917217791080475,-0.06795312464237213,0.10625414550304413,0.48491772246578846,0.0025013559441828238,-0.025071173470387148,0.46343493461608887,0.008227387443184853,0.17270728945732117,0.3856013161616457,-0.015216369647176107,0.16565738475343647,10.15932848928066,2.5519828788845165,0.4634347265703127,0.007253998424857855,0.3856013161616457,-0.015216369647176107,0.0810120806863808
52,0.4062221050262451,0.018190709874033928,0.02745460905134678,0.5158888613271587,0.0037047564471505276,0.32323062406830033,0.4713984429836273,0.00828688032925129,0.17406173050403595,0.3956233570253602,-0.015579117402422848,0.16671977698194598,11.65953577374008,2.9949984924718707,0.47139823493785116,0.007313491310924292,0.3956233570253602,-0.015579117402422848,0.07915746115405246
53,0.4075809121131897,-0.009609626606106758,-0.059598684310913086,0.4867794947199617,-0.0476432742316394,0.1163986702361083,0.47967052459716797,0.008329197764396667,0.172526016831398,0.40498285256764366,-0.01605039541463653,0.1710272244655914,8.917610289439374,3.0104337734947486,0.4796703165513918,0.00735580874606967,0.40498285256764366,-0.01605039541463653,0.07826920000572599
54,0.46228694915771484,0.016975054517388344,0.02440735511481762,0.46105309074541984,-0.06556748311245988,-0.06398062069906786,0.49013254046440125,0.010381033644080162,0.17258158326148987,0.41393985202547373,-0.015253420916805305,0.17545177550740787,14.030622039995352,2.3347492972694317,0.4901323324186251,0.009407644625753164,0.41393985202547373,-0.015253420916805305,0.08008409468899001
55,0.5650987029075623,0.14016705751419067,0.06817256659269333,0.4522649754212466,0.023272944673106644,0.10524630332867446,0.501323401927948,0.013339342549443245,0.17323848605155945,0.4221773066335409,-0.014542130881178124,0.17781205955996002,14.21284463670262,2.358741175247346,0.5013231938821718,0.012365953531116247,0.4221773066335409,-0.014542130881178124,0.0835949548424554
56,0.5771604180335999,0.13936501741409302,0.1843673586845398,0.4109233521846145,0.004106272270468446,-0.06489961905157635,0.5117863416671753,0.015224989503622055,0.1752873659133911,0.43050254516366027,-0.014537536684028043,0.1760609526215667,13.515098018361419,2.1114472915176443,0.5117861336213991,0.014251600485295057,0.43050254516366027,-0.014537536684028043,0.08623129461814405
57,0.5279836058616638,0.07797974348068237,0.2628723084926605,0.42209428358043516,-0.028705370684629573,-0.10271678410197596,0.5225431323051453,0.017069293186068535,0.17358562350273132,0.43943145503024444,-0.013361885662200033,0.17129925656048914,12.56365817178576,2.0923176730339117,0.5225429242593691,0.016095904167741537,0.43943145503024444,-0.013361885662200033,0.0881775351157467
58,0.5241523385047913,0.07620763778686523,0.0942811667919159,0.46160393083639956,0.04361871257127473,0.028341421500460755,0.5335767269134521,0.018954148516058922,0.16907748579978943,0.44927815881718086,-0.011257067830657634,0.16805991401618292,13.593055522989678,2.6657424584781206,0.533576518867676,0.017980759497731924,0.44927815881718086,-0.011257067830657634,0.08922479506329861
59,0.5914633274078369,0.058633122593164444,0.03988730162382126,0.5155445556270271,0.08137347926743332,-0.06594457006917442,0.544963538646698,0.018173711374402046,0.17034697532653809,0.45834771259200097,-0.01030598773258751,0.17124107638083227,16.733511500576256,3.404970648612579,0.5449633306009218,0.01720032235607505,0.45834771259200097,-0.01030598773258751,0.09087828331213656
60,0.5712604522705078,-0.08691193908452988,0.060847166925668716,0.4405574316990757,0.012435538248920635,-0.06645023444351841,0.5557695627212524,0.016902877017855644,0.17307108640670776,0.46725460612209907,-0.009962972056686621,0.176466393701961,15.258642552458587,2.7395658247764514,0.5557693546754763,0.015929487999528646,0.46725460612209907,-0.009962972056686621,0.0922240760280649
61,0.4996345341205597,-0.02088986150920391,0.23826617002487183,0.4294230746495566,-0.011475772368271945,0.3021753455304287,0.5640802979469299,0.017278017476201057,0.1753164678812027,0.4760454296314537,-0.01029140667546754,0.18027206716516986,10.19947912318383,2.0115603063642666,0.5640800899011538,0.01630462845787406,0.4760454296314537,-0.01029140667546754,0.0919643979679933
62,0.411569744348526,0.04793522134423256,-0.1569512039422989,0.4294073212961137,-0.041255576620856736,0.10013761509131563,0.5721336007118225,0.018020104616880417,0.17500612139701843,0.48471990570429346,-0.010883807531871775,0.18013359700189197,9.008765381332442,2.314767926952443,0.5721333926660463,0.01704671559855342,0.48471990570429346,-0.010883807531871775,0.09176726990137474
63,0.4277319014072418,0.027895309031009674,-0.0008209622465074062,0.42478989916619714,-0.06369779539666602,0.14566018023651026,0.5809991955757141,0.019208403304219246,0.17206893861293793,0.49335164899250905,-0.011768671445593463,0.17692607712337494,13.650654948718696,2.0460505754309186,0.580998987529938,0.018235014285892248,0.49335164899250905,-0.011768671445593463,0.09264058025600028
64,0.5151321887969971,0.10019870102405548,0.0073117646388709545,0.4409408173112815,-0.09087360355013588,0.030333306609049357,0.5909834504127502,0.021119065582752228,0.1731705367565155,0.502067040002031,-0.013228634097080604,0.17241906127019627,15.956691167457349,3.4936971553725034,0.5909832423669741,0.02014567656442523,0.502067040002031,-0.013228634097080604,0.09497334181302783
65,0.48697271943092346,0.05416632816195488,-0.4739299714565277,0.4105256313142843,-0.10119231301232828,0.3179161587333804,0.6005874872207642,0.02199367992579937,0.17437581717967987,0.5120292552995828,-0.015304015869940594,0.17331362575737616,17.914775781459653,2.6814798902808716,0.600587279174988,0.021020290907472372,0.5120292552995828,-0.015304015869940594,0.0957182263499301
66,0.4699907600879669,0.031333789229393005,-0.1445249319076538,0.498896805344261,-0.1541288406390047,0.11038040117066536,0.6102532744407654,0.0225546695291996,0.17155589163303375,0.5209508160332776,-0.016162133761510277,0.1761749449970405,12.959963424590189,2.495724554951772,0.6102530663949892,0.021581280510872602,0.5209508160332776,-0.016162133761510277,0.09695079804004983
67,0.4681960344314575,0.025512464344501495,-0.06639531254768372,0.44270930589412893,-0.07173980376966015,0.34196147363732476,0.620369017124176,0.022386569529771805,0.1675879955291748,0.529145659940397,-0.016911995206278393,0.17721595138571847,13.545819428345474,2.0971968533112957,0.6203688090783999,0.021413180511444807,0.529145659940397,-0.016911995206278393,0.09894686469236243
68,0.5585605502128601,-0.1158650740981102,-0.1373261660337448,0.4050424545473901,-0.08246092172925291,-0.31786682313876674,0.6313601136207581,0.0200944971293211,0.16858859360218048,0.537721501028459,-0.018075310199475184,0.17449719686435639,11.167256162748897,2.424516464981471,0.6313599055749819,0.0191211081109941,0.537721501028459,-0.018075310199475184,0.10075576579603623
69,0.5258537530899048,-0.10696370899677277,-0.3748795986175537,0.43371528307454627,-0.09527995534395253,-0.19210581728457266,0.6419637203216553,0.01882307603955269,0.17196127772331238,0.5463750748755961,-0.019244219884060297,0.16876743706355288,14.483838535285306,2.6852591461240367,0.6419635122758791,0.01784968702122569,0.5463750748755961,-0.019244219884060297,0.10253344475889731
70,0.4961450695991516,-0.029336702078580856,0.10415669530630112,0.44918099893392527,-0.07844388202913277,-0.0023835638176578425,0.6507170796394348,0.01934409886598587,0.17625492811203003,0.5552512443780565,-0.020947908270697837,0.16935344693104581,17.339450749461548,2.5619338810453813,0.6507168715936587,0.018370709847658873,0.5552512443780565,-0.020947908270697837,0.10324553118854823
71,0.40517622232437134,0.042886387556791306,0.050252992659807205,0.4392959717826075,-0.11424357094376886,0.08292807849519288,0.6584627628326416,0.019835742190480232,0.17807765305042267,0.5643967554811393,-0.022780731735559844,0.1723205866085768,13.167171019515099,3.0128571758004155,0.6584625547868654,0.018862353172153234,0.5643967554811393,-0.022780731735559844,0.10287138144137147
72,0.3945710361003876,0.002734809648245573,0.019637133926153183,0.4457976716075389,-0.1271805518200588,0.136723092236056,0.6666925549507141,0.02037973701953888,0.17561174929141998,0.574083282890535,-0.02428411986901988,0.17512621760405891,12.993978751911465,3.267061188515332,0.666692346904938,0.01940634800121188,0.574083282890535,-0.02428411986901988,0.10239773298439539
73,0.4065471291542053,-0.037933237850666046,0.1445000320672989,0.483644043628292,-0.11038994930027167,0.178403914001194,0.6768217086791992,0.0217988733202219,0.17365188896656036,0.5840017640246666,-0.02527579471111663,0.17561657863823552,12.677190755055772,1.7007994393083588,0.6768215006334231,0.020825484301894903,0.5840017640246666,-0.02527579471111663,0.10363798256794877
74,0.5169901847839355,0.1049499362707138,0.03684194013476372,0.48821533090298264,-0.09036251854731749,0.0741981742722783,0.687225878238678,0.023720890283584595,0.17107164859771729,0.5941250668230632,-0.02598488036057747,0.17219160996357202,12.364729761772024,2.92707741628988,0.6872256701929018,0.022747501265257597,0.5941250668230632,-0.02598488036057747,0.10508362083005149
75,0.5197678208351135,0.10012421011924744,0.22637426853179932,0.49586246350359203,-0.07913776260204988,0.14033641858474158,0.6971614360809326,0.024295127019286156,0.17363721132278442,0.604443799042432,-0.027312454583882203,0.16862889954708046,14.769033538758006,3.4077798353959468,0.6971612280351565,0.023321738000959158,0.604443799042432,-0.027312454583882203,0.10564252504431969
76,0.4736349880695343,-0.011628389358520508,-0.13587501645088196,0.5063167407725474,-0.12877529329354154,0.12790909673891487,0.7063145637512207,0.024009959772229195,0.17408454418182373,0.6143301945770643,-0.02908959059822415,0.17096170642591016,15.506358292909688,3.4038825419773255,0.7063143557054445,0.023036570753902197,0.6143301945770643,-0.02908959059822415,0.10572711381570828
77,0.4403647780418396,8.608700227341615e-06,-0.010920490138232708,0.48040242593832927,-0.12349032648932035,0.07823061750130222,0.7150534987449646,0.024483932182192802,0.17186114192008972,0.623556506611178,-0.029911711907619234,0.17487790713284285,13.594778620753731,2.1560914203089254,0.7150532906991884,0.023510543163865805,0.623556506611178,-0.029911711907619234,0.10595092654323891
78,0.4592544138431549,0.03436483070254326,-0.24748973548412323,0.45449858833748125,-0.08129790723037025,0.3111853504493425,0.7236990928649902,0.0250638946890831,0.16991737484931946,0.6323236227861986,-0.030545401326841953,0.17681972620954303,10.349677121203342,2.259532819401663,0.7236988848192141,0.0240905056707561,0.6323236227861986,-0.030545401326841953,0.1064637067035167
79,0.45392388105392456,-0.06812350451946259,0.27294665575027466,0.4395781293301022,-0.07501828410763711,-0.19238173344123044,0.7322221398353577,0.02377747744321823,0.17183223366737366,0.6410539902916589,-0.031850357753316356,0.17498694135940346,12.079514124017088,2.700591054608445,0.7322219317895815,0.022804088424891233,0.6410539902916589,-0.031850357753316356,0.1062953528806186
80,0.4358893632888794,-0.07244578748941422,0.13695570826530457,0.42622697290491546,-0.09869358584485648,0.06625306593744873,0.7406966090202332,0.022142112255096436,0.1757291704416275,0.6504283137806964,-0.03230592380312942,0.17059931027404762,15.129790226851103,2.823529675672362,0.740696400974457,0.021168723236769438,0.6504283137806964,-0.03230592380312942,0.10491837513830513
81,0.42845436930656433,-0.08502288907766342,0.234329953789711,0.4703084736577661,-0.05534274592590449,-0.04489697223999033,0.7484977841377258,0.021132975816726685,0.1783139705657959,0.6602429340840625,-0.03173704132809901,0.16869062857370817,17.263887842199903,2.54946894564537,0.7484975760919497,0.020159586798399687,0.6602429340840625,-0.03173704132809901,0.10238233171226573
82,0.3691887855529785,-0.02039579674601555,-0.1417810171842575,0.47943892793823895,-0.016574743351677607,0.0898815659622686,0.7556219696998596,0.0206949170678854,0.17791663110256195,0.6701995519252074,-0.03294773443777504,0.17170098392126465,11.396914657354731,2.1916399683346177,0.7556217616540835,0.0197215280495584,0.6701995519252074,-0.03294773443777504,0.1003543976411782
83,0.37312963604927063,-0.035701651126146317,0.01267382875084877,0.501455947917286,-0.12029788952162465,0.21313591705081175,0.7631931900978088,0.02024058625102043,0.17367713153362274,0.6795549220368245,-0.03476930398451386,0.1757529725264512,11.086596458257574,2.5002080284818775,0.7631929820520327,0.019267197232693434,0.6795549220368245,-0.03476930398451386,0.09957544148486012
84,0.420430064201355,0.04274148866534233,-0.27877599000930786,0.4474626483257076,-0.12503005996945718,0.03654369766709627,0.7723784446716309,0.021311918273568153,0.17083966732025146,0.6880752510615845,-0.037300682093767336,0.17796373580305527,14.25950214228977,1.811202753679938,0.7723782366258547,0.020338529255241156,0.6880752510615845,-0.037300682093767336,0.10212380750826526
85,0.47224360704421997,0.07104682177305222,-0.2465668022632599,0.408541645086772,-0.16004475248009425,0.08718510614086027,0.7816551923751831,0.022399775683879852,0.17384324967861176,0.6967132411500299,-0.04007587223659084,0.17660214066003488,13.972495512807651,2.4390989707221955,0.7816549843294069,0.021426386665552855,0.6967132411500299,-0.04007587223659084,0.10486957415960822
86,0.45602095127105713,0.04379264637827873,-0.18804317712783813,0.42105722227215486,-0.1882237621194215,-0.01317146235489651,0.7922075986862183,0.024448242038488388,0.1763836294412613,0.7055053410765009,-0.042974412900476856,0.1716601188188093,15.29456041393993,2.458426967039971,0.7922073906404421,0.02347485302016139,0.7055053410765009,-0.042974412900476856,0.10923712894423679
87,0.54091876745224,0.12694549560546875,0.008411935530602932,0.4312282509991384,-0.20202765114722707,0.2588122051748738,0.8028503060340881,0.026565128937363625,0.17653240263462067,0.7149526610548127,-0.04640667982707302,0.16975305479810085,16.506229056932572,2.618953780126481,0.802850097988312,0.025591739919036627,0.7149526610548127,-0.04640667982707302,0.1136210009875616
88,0.52998948097229,0.08617079257965088,0.001188889378681779,0.4601174059593409,-0.22743195314837084,0.10708372666188753,0.8139804601669312,0.02861490659415722,0.17308539152145386,0.7242236872428757,-0.04895644371430576,0.17207226697623323,13.003356687414657,1.997166673717733,0.813980252121155,0.02764151757583022,0.7242236872428757,-0.04895644371430576,0.11799783308414583
89,0.5361806154251099,0.11334764957427979,-0.03527085483074188,0.44341083422337574,-0.16519199523930433,0.21541191196880433,0.8250620365142822,0.029893146827816963,0.17189498245716095,0.7326184914474617,-0.05008759822601791,0.17496212881218975,9.8675136146093,2.486498434088104,0.8250618284685061,0.028919757809489965,0.7326184914474617,-0.05008759822601791,0.12160564488257893
90,0.5688058733940125,-0.02468862198293209,0.5291286706924438,0.40230814352009536,-0.0971769856718103,0.21469914452078484,0.8363238573074341,0.029307857155799866,0.17514024674892426,0.7404759271833744,-0.05204955416664289,0.1759715521476291,14.328771859724537,2.5948441717108404,0.8363236492616579,0.028334468137472868,0.7404759271833744,-0.05204955416664289,0.12509347252908304
91,0.5606839656829834,-0.03318026289343834,0.35928237438201904,0.3780171015684869,-0.1578242514125948,-0.21912704861170557,0.8457849621772766,0.02984525077044964,0.17902976274490356,0.74857986410288,-0.05428782675800993,0.1731478347501839,13.742174824425014,2.447707913715879,0.8457847541315004,0.02887186175212264,0.74857986410288,-0.05428782675800993,0.1279231192497215
92,0.4613405764102936,0.06640259921550751,0.09522712975740433,0.38844037596993913,-0.16837231126126498,-0.17714332786529335,0.8547143340110779,0.03074713610112667,0.18039578199386597,0.7578144003571369,-0.054816638148701156,0.17056185227500628,14.360028340419307,1.6892837055323615,0.8547141259653017,0.029773747082799673,0.7578144003571369,-0.054816638148701156,0.12862771900547468
93,0.46953678131103516,0.035242773592472076,0.026734059676527977,0.4742093511767104,-0.06183409329265553,-0.1286755231371799,0.8640693426132202,0.03135150298476219,0.17780867218971252,0.7671518549153796,-0.05474447998650695,0.1702495249284538,11.387188461232371,2.1928019938913916,0.864069134567444,0.030378113966435194,0.7671518549153796,-0.05474447998650695,0.12899153110353379
94,0.47340214252471924,0.014135284349322319,0.06656932085752487,0.4521273002512431,-0.05746771897732677,-0.08253340274927257,0.8738611936569214,0.03303629904985428,0.1722455620765686,0.7767837548382003,-0.055297916377284935,0.17278921427141433,12.889713684197115,1.3258537023851784,0.8738609856111452,0.03206291003152728,0.7767837548382003,-0.055297916377284935,0.1305982493197142
95,0.5546360015869141,0.10750920325517654,0.042255010455846786,0.47710014517308275,-0.08383922878975042,-0.08290297450511963,0.8845139741897583,0.03529760614037514,0.17316381633281708,0.7862886867108035,-0.055665628150496686,0.17514528538802795,10.340745798054751,2.413284828210058,0.8845137661439821,0.03432421712204814,0.7862886867108035,-0.055665628150496686,0.13321538380318845
96,0.5412992238998413,0.07852895557880402,-0.2610964775085449,0.4640080854690486,-0.06309904007862202,0.17963006357586833,0.8949059844017029,0.03681722655892372,0.1727629005908966,0.7956609006587305,-0.05625082515766719,0.1746794146626942,10.54536395594657,0.7978745346390824,0.8949057763559267,0.035843837540596724,0.7956609006587305,-0.05625082515766719,0.1353919209172354
97,0.5186092853546143,0.048840221017599106,0.01739637553691864,0.4620137287609172,-0.09698833078059196,-0.16058237908974532,0.9056661128997803,0.03816723823547363,0.16833384335041046,0.8050859779850023,-0.05682151007301867,0.17097160113082513,6.73626460805586,1.1357614068489588,0.9056659048540041,0.037193849217146635,0.8050859779850023,-0.05682151007301867,0.13767791933143322
98,0.5186429619789124,0.043890658766031265,-0.08556273579597473,0.46769420877107537,-0.08920483119943912,-0.1176267523792654,0.916175901889801,0.03811649978160858,0.16567686200141907,0.8144042984068057,-0.05814207376882011,0.16828653769951787,7.700590077688848,1.0730739845042585,0.9161756938440249,0.037143110763281584,0.8144042984068057,-0.05814207376882011,0.13941550602625052
99,0.5278717279434204,-0.07550555467605591,0.12215858697891235,0.45343027137371694,-0.126163259924672,0.08320009244787978,0.9263327717781067,0.03682767599821091,0.16729441285133362,0.8238099286978837,-0.0601718590997688,0.17138447005685387,6.642576241623796,1.038499609987018,0.9263325637323305,0.03585428697988391,0.8238099286978837,-0.0601718590997688,0.14047032222258615
100,0.5022144913673401,-0.05570254102349281,0.06560306996107101,0.45572382389895805,-0.1467171490560824,0.0040565637339613075,0.9364315867424011,0.03561568260192871,0.1712585687637329,0.8323972030631278,-0.061058044845777634,0.17573160529397774,4.515713423102451,1.5882407650398827,0.936431378696625,0.03464229358360171,0.8323972030631278,-0.061058044845777634,0.1413565155033155
101,0.506397545337677,-0.06472349911928177,-0.0582517571747303,0.42207788646823774,-0.08111896344404053,0.3383787983257186,0.9455869793891907,0.035277750343084335,0.17562155425548553,0.8407241318976412,-0.061680254769013614,0.1778991278982068,8.399615038962862,1.7000117690991878,0.9455867713434145,0.03430436132475734,0.8407241318976412,-0.061680254769013614,0.14215913505013617
102,0.4428839385509491,1.0638909770932514e-06,-0.052246976643800735,0.4149101314930157,-0.08072815754101471,-0.036258518658917466,0.9543823599815369,0.03530527651309967,0.17659611999988556,0.8493183858083867,-0.0630164390333583,0.1762689586833081,9.940884718014143,1.047146007148522,0.9543821519357607,0.03433188749477267,0.8493183858083867,-0.0630164390333583,0.14323090319723306
103,0.4523945748806,-0.012080688029527664,-0.05423404276371002,0.4158989846279854,-0.12965733032645732,-0.06805708495624876,0.963598370552063,0.03502431511878967,0.17378956079483032,0.8588259940950433,-0.06395242752145659,0.17399796283732105,7.5293511979527405,1.6966261162722485,0.9635981625062868,0.034050926100462675,0.8588259940950433,-0.06395242752145659,0.14346380935531067
104,0.4563397765159607,-0.0314302071928978,0.012898813001811504,0.476759643485195,-0.09816729783365913,-0.11464465206143319,0.9734825491905212,0.036245089024305344,0.1696729063987732,0.8681427378556653,-0.06508599891818417,0.17387966224335757,10.881318658281232,1.1074651568014584,0.9734823411447451,0.035271700005978346,0.8681427378556653,-0.06508599891818417,0.14549261065240926
105,0.5112172961235046,0.10160158574581146,-0.48855987191200256,0.4408296166063563,-0.11367727519966765,0.12494340403178783,0.9839990735054016,0.038926854729652405,0.17239589989185333,0.8777143095215817,-0.06669257837092477,0.17661530975125367,9.789001700397364,2.7802884742632497,0.9839988654596254,0.03795346571132541,0.8777143095215817,-0.06669257837092477,0.14915495758777647
106,0.5328832268714905,0.09886454790830612,-0.18041682243347168,0.47127571270223106,-0.1352157126818031,-0.10580493705021572,0.9943721890449524,0.04061628133058548,0.17278382182121277,0.8871639346275969,-0.06872021288471103,0.17806772635156912,8.590673307635114,0.8724231236748349,0.9943719809991762,0.03964289231225848,0.8871639346275969,-0.06872021288471103,0.152434011213837
107,0.5009010434150696,0.04372221231460571,0.002006838796660304,0.4530139151319217,-0.16038587578573632,0.3471713668560441,1.0045170783996582,0.041773486882448196,0.16932158172130585,0.8963978657773845,-0.07013897548559735,0.1764563877293615,6.663106138857323,1.1127184556795044,1.004516870353882,0.0408000978641212,0.8963978657773845,-0.07013897548559735,0.15491028741276977
108,0.4909400939941406,0.03692454472184181,0.004479037597775459,0.45860031581489513,-0.12203473356148241,-0.44069058302826103,1.0149654150009155,0.041446469724178314,0.16702900826931,0.9058135214965854,-0.07144992360726851,0.17048227213460934,6.3644470728209015,1.0409717237420757,1.0149652069551394,0.040473080705851316,0.9058135214965854,-0.07144992360726851,0.15633569436605874
109,0.5331629514694214,-0.10047703236341476,0.2753170430660248,0.4692845213083962,-0.11626747679678158,0.048750585864541965,1.0254249572753906,0.039739783853292465,0.1688261181116104,0.9146913393227185,-0.072341545442766,0.16970759624384835,6.271244597301407,1.214679036465331,1.0254247492296145,0.03876639483496547,0.9146913393227185,-0.072341545442766,0.15686574661910288
110,0.5171499848365784,-0.09071765094995499,0.28539708256721497,0.42620786897493285,-0.08369635013163308,0.0556822012720897,1.0356755256652832,0.037886232137680054,0.1723802238702774,0.9225986733222422,-0.07261331040664752,0.1727899179801805,5.137764305345989,0.8833654855922469,1.035675317619507,0.036912843119353056,0.9225986733222422,-0.07261331040664752,0.1574239682886034
111,0.48431316018104553,-0.09485036134719849,0.1595226675271988,0.38278783509882447,-0.05992012719695414,0.008851613917668607,1.0439738035202026,0.03697976469993591,0.1761385053396225,0.9302346873459753,-0.07223484860645232,0.1758742934562247,4.100917005303319,0.6241207758679428,1.0439735954744265,0.036006375681608915,0.9302346873459753,-0.07223484860645232,0.15701178891290501
112,0.4052355885505676,-0.013435613363981247,-0.07841826230287552,0.3814036688962086,-0.034901694661901767,0.23529858706847293,1.05182683467865,0.03671230748295784,0.1767163723707199,0.93770774331657,-0.07199579700320773,0.17599159175392415,5.036498527376263,0.6210461089740952,1.0518266266328737,0.03573891846463084,0.93770774331657,-0.07199579700320773,0.15693912337685678
113,0.41085293889045715,-0.027297114953398705,-0.008204936049878597,0.3692309476575161,-0.040364127474243526,-0.015238304616854603,1.0601774454116821,0.036242980509996414,0.173437237739563,0.9453718361075379,-0.07206965805239579,0.17212026617188664,7.143029349721239,0.4495234272152312,1.060177237365906,0.035269591491669416,0.9453718361075379,-0.07206965805239579,0.15716868215639523
114,0.41857028007507324,-0.0426284559071064,-0.03832163289189339,0.38510238091705135,-0.045637057426220616,-0.03758690267191353,1.0690484046936035,0.036416731774806976,0.17172062397003174,0.9530340436820647,-0.07190827943192388,0.16618433435776214,4.856434467022077,0.4097389591763608,1.0690481966478274,0.03544334275647998,0.9530340436820647,-0.07190827943192388,0.15806218546776196
115,0.42559847235679626,-0.03004363924264908,-0.17549562454223633,0.3776209325831087,-0.026120329110531033,-0.10533550174200829,1.0784556865692139,0.036727551370859146,0.1742439866065979,0.9609778655918569,-0.07226578628441774,0.16797476114182355,4.554640802761492,1.2677700002862065,1.0784554785234377,0.03575416235253215,0.9609778655918569,-0.07226578628441774,0.1595910362258219
116,0.475167840719223,0.029224790632724762,-0.13807837665081024,0.396079701256373,-0.06709370237337535,0.2108777086770131,1.087796926498413,0.037303995341062546,0.1738784909248352,0.9702628896649843,-0.07253168957785311,0.17149396933577396,5.148020816355266,1.4788862049221425,1.087796718452637,0.03633060632273555,0.9702628896649843,-0.07253168957785311,0.16020362161397153
117,0.46759968996047974,0.006032934412360191,-0.006466577760875225,0.4736517537707895,-0.06861993910120243,-0.04592090085991153,1.097409963607788,0.03772984817624092,0.1697840541601181,0.9797584280520982,-0.07185901557987083,0.17412503733730142,7.333246684458061,1.5547331703382972,1.097409755562012,0.03675645915791392,0.9797584280520982,-0.07185901557987083,0.16012231642516084
118,0.48633435368537903,0.04038172960281372,-0.23587901890277863,0.48003060449865326,-0.0028635822559995782,-0.3190242796228467,1.1069055795669556,0.03809789940714836,0.1683383733034134,0.98896615907182,-0.07113383045844728,0.17341582435697528,8.36518916586713,1.8575872190344986,1.1069053715211794,0.03712451038882136,0.98896615907182,-0.07113383045844728,0.1600922427732791
119,0.4952782094478607,-0.06842692196369171,0.16856589913368225,0.4566248622331098,-0.019070120339891874,-0.0411896978236444,1.116693377494812,0.037134185433387756,0.1708868443965912,0.9983599135166934,-0.07031146263258471,0.16904027375618294,6.400205730361746,1.6659992778470765,1.1166931694490358,0.03616079641506076,0.9983599135166934,-0.07031146263258471,0.1591826039687069
120,0.48645058274269104,-0.05313757807016373,0.15076033771038055,0.4639383268687071,-0.0071905437068050665,0.026383327448002987,1.1254616975784302,0.03755204752087593,0.1745733916759491,1.0079004372712592,-0.06898455089623066,0.16709961272426455,8.402182885345049,1.7856922765096066,1.125461489532654,0.03657865850254893,1.0079004372712592,-0.06898455089623066,0.1580006081867313
121,0.4023372232913971,0.056921686977148056,0.0799877867102623,0.4701718436147282,0.006138875541745799,0.14829018699825575,1.1334298849105835,0.03849324956536293,0.17579442262649536,1.0168211277585533,-0.06837327748181013,0.1707189712924937,8.443127697284808,3.0256533186643493,1.1334296768648073,0.03751986054703593,1.0168211277585533,-0.06837327748181013,0.15751479424568954
122,0.412092387676239,0.030817097052931786,0.019311662763357162,0.4344464634997282,-0.01998861783125869,-0.013241505376701233,1.141850471496582,0.03914808854460716,0.17299611866474152,1.0255362977048907,-0.06696074951117885,0.17497857472627684,11.15366227854821,2.191386179235763,1.1418502634508059,0.038174699526280165,1.0255362977048907,-0.06696074951117885,0.15678775867984737
123,0.41456007957458496,0.015344693325459957,0.01424786914139986,0.4376437921675455,0.02784042564847883,0.08643604960930913,1.15097975730896,0.040792692452669144,0.16919878125190735,1.0335131189510205,-0.06592402864937164,0.17720173981068077,12.828249334731787,2.089821274020434,1.1509795492631838,0.039819303434342146,1.0335131189510205,-0.06592402864937164,0.15805067076874077
124,0.4671195447444916,0.09523188322782516,-0.30722758173942566,0.3888991937191724,-0.008452241440405303,-0.37342444830029997,1.1607542037963867,0.04306919872760773,0.17200897634029388,1.0414007234904772,-0.06586351090393787,0.17587882188463094,11.335600114248694,3.1382589732402186,1.1607539957506106,0.04209580970928073,1.0414007234904772,-0.06586351090393787,0.1609360696253927
125,0.4883488714694977,0.09307636320590973,-0.006777339614927769,0.3970289263140659,-0.05204087349547265,-0.11094425138375046,1.1709299087524414,0.04517510160803795,0.17338472604751587,1.049419899964665,-0.06524151764599674,0.1703562405651547,14.667613845587672,2.095477770596704,1.1709297007066652,0.04420171258971095,1.049419899964665,-0.06524151764599674,0.16353119678149106
126,0.4992631673812866,0.07550674676895142,0.1553129255771637,0.4214885022856311,-0.002135476727304643,-0.20073935837067222,1.1810704469680786,0.0468008778989315,0.17120981216430664,1.0577972150626476,-0.0649340032110443,0.1673062997193297,9.661867262527068,2.566042456460252,1.1810702389223025,0.045827488880604506,1.0577972150626476,-0.0649340032110443,0.16572370543127324
127,0.49522271752357483,0.06904777884483337,0.016840584576129913,0.41699648959000235,-0.0444189268957271,0.09905372214898608,1.191988468170166,0.04785643890500069,0.16766968369483948,1.0661804147252736,-0.06559359962672759,0.16978189896919696,13.278577631189588,3.0285148174209793,1.1919882601243899,0.04688304988667369,1.0661804147252736,-0.06559359962672759,0.1687560684826725
128,0.5939246416091919,-0.014332134276628494,0.04832823947072029,0.4098258163761288,-0.07708306410516944,0.19780308455660778,1.2038905620574951,0.0470270961523056,0.16826751828193665,1.07559299610846,-0.06539267626334597,0.1726957059529874,17.043969821932222,3.2805617321291325,1.203890354011719,0.046053707133978605,1.07559299610846,-0.06539267626334597,0.16994266214609083
129,0.5614721775054932,-0.05971166118979454,-0.087433822453022,0.4804206973552313,-0.037923497809739345,0.356046830963164,1.2153409719467163,0.0470660999417305,0.171491801738739,1.0846868019468046,-0.06459860135443364,0.17434026769835512,14.354999165898368,2.7398130769566573,1.2153407639009401,0.0460927109234035,1.0846868019468046,-0.06459860135443364,0.17123966943469135
130,0.524430513381958,0.023848777636885643,0.0932171642780304,0.44765057031500455,-0.004439643140716171,-0.005973942288621435,1.2245197296142578,0.04859466850757599,0.1755368411540985,1.0939909025079393,-0.06393283516398947,0.17223695917022763,13.605500166941852,2.4247983103475534,1.2245195215684817,0.04762127948924899,1.0939909025079393,-0.06393283516398947,0.17170335142308685
131,0.4391239881515503,0.08094548434019089,-0.07258785516023636,0.469709661100193,-0.02757613449132124,-0.20283815157637705,1.2326138019561768,0.050235334783792496,0.17724883556365967,1.1032508884802212,-0.0634134076128358,0.1664658343710657,13.594013821218667,2.6507686958544854,1.2326135939104006,0.0492619457654655,1.1032508884802212,-0.0634134076128358,0.17155303790705786
132,0.42073163390159607,0.04960523918271065,-0.06995651125907898,0.4705164034682943,-0.030242954418052786,0.17501863147165778,1.2410707473754883,0.05209846794605255,0.1747228354215622,1.1118179497496652,-0.06286512752948627,0.16585021388844556,13.78701343456944,2.976397768836901,1.2410705393297121,0.051125078927725554,1.1118179497496652,-0.06286512752948627,0.17233687673073872
133,0.4147244691848755,0.04927849769592285,-0.07697661221027374,0.4249222410645403,-0.02128170232045369,0.054304105243031905,1.25120210647583,0.05474330112338066,0.17236964404582977,1.119492934964593,-0.06156292966250668,0.16849499800647882,14.61669019696532,3.1465354347236314,1.251201898430054,0.05376991210505366,1.119492934964593,-0.06156292966250668,0.17506831651480295
134,0.525463879108429,0.14462271332740784,-0.1571008563041687,0.37911146281846947,0.028384019445511027,-0.009385045195200963,1.261199712753296,0.05772971734404564,0.17138448357582092,1.1270999903915775,-0.060815753135431735,0.17221857679326294,14.80193949662134,3.237543406792332,1.2611995047075197,0.05675632832571864,1.1270999903915775,-0.060815753135431735,0.1783420143400847
135,0.48260098695755005,0.09655849635601044,-0.03256884217262268,0.37967358419293845,-0.0208459829030363,-0.202055536776256,1.2707319259643555,0.05992642790079117,0.17477306723594666,1.1347818558820497,-0.06038166141283199,0.1726823370659588,13.504643563698144,2.584833108333492,1.2707317179185793,0.05895303888246417,1.1347818558820497,-0.06038166141283199,0.18089537219707857
136,0.49019888043403625,0.07955500483512878,-0.04004157334566116,0.3924736477596719,-0.01828704016109487,-0.08166220021041835,1.2801164388656616,0.061403561383485794,0.17476031184196472,1.1426003844414723,-0.0607441850494436,0.16965954511195727,13.997133757836032,2.3840420762062484,1.2801162308198855,0.060430172365158796,1.1426003844414723,-0.0607441850494436,0.18328620488190905
137,0.4696362018585205,0.05315476655960083,0.0017022453248500824,0.3904617058710952,-0.060324195936501644,0.40670478152164713,1.2896158695220947,0.06257636100053787,0.17105633020401,1.14981817248842,-0.06079623823317911,0.16491747013345381,13.90328580570257,2.3008176676080634,1.2896156614763186,0.061602971982210875,1.14981817248842,-0.06079623823317911,0.1858087850147911
138,0.4617541432380676,0.05418724939227104,-0.07873396575450897,0.35705583661175117,-0.034363068552796444,0.11785784648528262,1.2996445894241333,0.06352964788675308,0.16922542452812195,1.1581426428082164,-0.05944709745917875,0.16600591025324865,17.136579063957424,3.241369608734509,1.2996443813783571,0.06255625886842608,1.1581426428082164,-0.05944709745917875,0.18683565230858099
139,0.5305124521255493,-0.059273429214954376,-0.1772153675556183,0.4345114171672693,0.022678885416496326,0.2555824245575256,1.3099989891052246,0.06264352053403854,0.17109020054340363,1.1679685245756481,-0.05876760688843606,0.1694180137982314,15.008940788149523,2.888798590245861,1.3099987810594484,0.061670131515711546,1.1679685245756481,-0.05876760688843606,0.18621987699695214
140,0.5294691324234009,-0.0451478473842144,-0.19835929572582245,0.5088279335723428,-0.03831674748087577,0.26418698397721196,1.3205842971801758,0.062428344041109085,0.1739206165075302,1.1776713645917012,-0.05879172527134005,0.17085323986241313,15.054413130385521,2.621174802750667,1.3205840891343996,0.06145495502278209,1.1776713645917012,-0.05879172527134005,0.18677074438459043
141,0.48610368371009827,0.014666154980659485,0.1506003439426422,0.48319576860747204,-0.06399891059989783,-0.3227029424776229,1.3289573192596436,0.06376384198665619,0.17693716287612915,1.1874449207286617,-0.05847872410312869,0.1685618926006364,10.718500400217787,2.607967918530697,1.3289571112138674,0.06279045296832919,1.1874449207286617,-0.05847872410312869,0.1863650003716088
142,0.4043347239494324,0.08591067045927048,0.043972358107566833,0.4866213682685116,-0.02911030493642196,-0.21785112132004356,1.3365452289581299,0.06512192636728287,0.17752274870872498,1.1980324625042191,-0.05835310824092904,0.16531673670745303,13.96790066735295,2.5445836806493443,1.3365450209123537,0.06414853734895587,1.1980324625042191,-0.05835310824092904,0.1849118222531936
143,0.39713820815086365,0.03743609040975571,-0.01825054921209812,0.5410474061903614,-0.06341926929470616,0.13159604409688444,1.3447551727294922,0.06666538864374161,0.17387139797210693,1.2077735086079389,-0.05855307731928366,0.1655823629613224,14.071267591408196,2.5277176310377056,1.344754964683716,0.06569199962541461,1.2077735086079389,-0.05855307731928366,0.18493447070147323
144,0.4503796398639679,0.057241544127464294,0.13270987570285797,0.46418543691957453,-0.05873247505986413,0.13756319058142555,1.353996992111206,0.06766372174024582,0.17120078206062317,1.2166825979934195,-0.05871428542245088,0.16821574419613888,10.11806034643267,3.804505984622239,1.35399678406543,0.06669033272191882,1.2166825979934195,-0.05871428542245088,0.1859610280369354
145,0.4586130380630493,0.03959598392248154,-0.23700669407844543,0.4213286021608993,-0.06197023926641619,0.050279286240122636,1.3627588748931885,0.0677710473537445,0.1749054491519928,1.2252882709922677,-0.057750765037137976,0.1712038000201413,15.305694612111592,3.0080664783134052,1.3627586668474123,0.06679765833541751,1.2252882709922677,-0.057750765037137976,0.18550045687587804
146,0.431299090385437,-0.01577284187078476,0.11489909142255783,0.428388555780866,0.0012021697273669986,0.21574270020141065,1.3719335794448853,0.06832373887300491,0.17759452760219574,1.2330023614962515,-0.05623535954415605,0.1720707587270466,15.072574915730348,2.4946456757765283,1.371933371399109,0.06735034985467792,1.2330023614962515,-0.05623535954415605,0.18594422034642794
147,0.44639524817466736,0.020542705431580544,0.02550787478685379,0.38648527107244035,0.020531535883746406,-0.19570104266404248,1.3808773756027222,0.06871052831411362,0.17666679620742798,1.2407093017461555,-0.055155319219540325,0.16898880408646896,13.081655181134575,2.081747577801672,1.380877167556946,0.06773713929578662,1.2407093017461555,-0.055155319219540325,0.1864124109760215
148,0.43326741456985474,0.010118413716554642,0.021610813215374947,0.3975786862176558,0.0112761757617002,-0.05798629758305497,1.390382170677185,0.06936031579971313,0.17282429337501526,1.2484087425931818,-0.05413753986361461,0.164549054819418,15.03309721623822,2.08321742838853,1.390381962631409,0.06838692678138614,1.2484087425931818,-0.05413753986361461,0.18753303744851132
149,0.45177435874938965,0.05028446391224861,-0.02822108007967472,0.36826512730623323,0.01271892116652885,-0.05820933470900701,1.3998973369598389,0.06968121230602264,0.17046089470386505,1.2571540753175077,-0.05315641648363637,0.16680014788480305,15.244575435868034,3.2980472595353674,1.3998971289140627,0.06870782328769565,1.2571540753175077,-0.05315641648363637,0.18768716601066168
